"浴";"a.biru ; a.biseru ; yoku";"mandi, mencuci"
"販";"akinau ; han";"pedagang asongan, pedagang kaki lima"
"浅";"asa.i ; sen";"dangkal, tidak dalam"
"預";"azu.keru ; azu.karu ; yo";"mempersiapkan, mengatur; di muka"
"汗";"ase ; kan";"keringat, kelembaban; kondensasi, teguk; ups ; khan (penguasa abad pertengahan suku Tatary)"
"厚";"atsu";"ketebalan"
"圧";"atsu";"tekanan; memaksa"
"跡";"ato ; seki";"jejak; trek; tanda, situs; tetap; reruntuhan, bekas luka"
"脂";"abura ; yani";"gemuk; lemak; lemak babi ; damar, (tembakau) damar; ter; nikotin, tidur (di mata, misalnya lendir mata)"
"油";"abura";"minyak"
"甘";"ama.i ; ama.eru ; ama.yakasu ; uma.i ; kan";"rasa manis; manis, enak"
"普";"amane.ku ; amaneshi ; fu";"universal, umum, tersebar luas"
"荒";"ara";"bagian tulang yang tersisa (ikan setelah dipotong), cacat (khususnya manusia); kesalahan; cacat, sekam padi, kasar, mentah; alami; liar"
"鉱";"aragane ; arakane";"bijih"
"胃";"i";"perut, Rasi bintang "perut" Cina (salah satu dari 28 rumah besar)"
"域";"iki";"wilayah; batasan; panggung; tingkat"
"勢";"ikioi ; zei ; sei ; ikiyoi";"memaksa; semangat; energi; roh; kehidupan, pengaruh; otoritas; kekuatan; mungkin, dorongan; momentum; jalannya (peristiwa), secara alami; perlu ; kelompok yang terlibat dalam beberapa aktivitas (pemain, perusahaan, kekuatan, dll.) ; energi, kekuatan militer"
"池";"ike";"kolam"
"泉";"izumi";"musim semi; air mancur"
"板";"ita";"papan, lembaran (dari logam); piring (dari kaca); panel; lempengan, talenan, koki (khususnya masakan Jepang kelas atas); juru masak, panggung (yaitu di teater)"
"糸";"ito ; shi";"benang; rangkaian ; utas, 0,0001; sepersepuluh ribu"
"幼";"ito ; you";"anak kecil (khususnya seorang gadis muda), muda ; masa bayi; masa kecil; bayi"
"営";"itona.mu ; itona.mi ; ei";"perkemahan, barak; mengelola"
"乾";"inui ; hoshi ; ken";"Barat laut ; pengeringan; kering ; qian (salah satu trigram I Ching: surga, barat laut)"
"祈";"ino.ru ; ki";"berdoa; mohon"
"療";"iyasu ; ryou";"disembuhkan, pulih"
"岩";"iwa";"batu; batu besar, karang; tebing, jangkar"
"祝";"iwai ; hafuri ; houri ; shuku ; yuwai";"selamat; perayaan; festival, hadiah ucapan selamat; hadiah ; pendeta Shinto junior, pendeta Shinto; gelar umum untuk anggota imamat Shinto ; hari libur umum, perayaan (dari)"
"植";"u.eru ; u.waru ; shoku";"tanaman, pohon; tumbuh"
"埋";"u.meru ; u.maru ; u.moreru ; uzu.meru ; uzu.maru ; i.keru ; mai";"mengubur, mengeluarkan, menyembunyikan"
"伺";"ukagai";"panggilan; kunjungan, pertanyaan"
"薄";"usu ; susuki";"cahaya (misalnya warna, warna) ; rumput pampas jepang (Miscanthus sinensis); rumput perak gadis; rumput zebra"
"移";"utsu.ru ; utsu.su ; i";"ganti tempat, ganti; bergerak"
"腕";"ude ; kaina";"keterampilan lengan, ; upaya; kemampuan ; lengan (khususnya lengan atas), penghitung yang digunakan untuk mengukur ketebalan benda bulat"
"裏";"ura ; ri";"sisi yang berlawanan; dasar; sisi lain; sisi tersembunyi dari pandangan; permukaan bawah; sisi sebaliknya, belakang; kembali; di belakang, lapisan; di dalam, dalam bayang-bayang; di balik layar; di luar panggung; di belakang punggung (seseorang), lebih (untuk sesuatu daripada yang terlihat); sisi tersembunyi (misalnya kepribadian seseorang); keadaan yang tidak diketahui; sisi yang berbeda, bukti, berlawanan (dari prediksi, akal sehat, dll.); sebaliknya, kebalikan (dari hipotesis, dll.), bawah (dari sebuah inning); babak terakhir (dari sebuah inning) ; di (misalnya rahasia); dengan (misalnya kesuksesan)"
"占";"ura";"meramal; ramalan"
"鋭";"ei";"ketajaman, senjata tajam; pedang, prajurit yang baik"
"液";"eki ; tsuyu ; shiru";"cairan ; jus; getah, sup; kaldu, (mencelupkan) saus"
"枝";"eda ; shi";"cabang; dahan; lengan; ranting; tangkai; semprot ; melawan benda yang panjang dan tipis (misalnya pedang)"
"領";"eri ; ryou";"kerah; kelapak; ikat leher, tengkuk leher ; wilayah (negara, wilayah feodal, dll.), konter untuk pakaian, set baju besi, dll."
"央";"ou";"tengah"
"欧";"ou";"Eropa"
"巨";"ookii ; kyo";"besar, hebat, luar biasa; ketua"
"奥";"oku";"bagian dalam; di dalam; pedalaman; kedalaman (misalnya hutan); bagian belakang (rumah, laci, dll.); bagian bawah (misalnya hati); reses"
"億";"oku";"10^8; 100.000.000; seratus juta"
"贈";"oku.ru ; zou ; sou";"memberi hadiah; melimpahkan, berunding"
"輸";"okuru ; yu ; shu";"mengangkut, membawa"
"踊";"odo.ru ; you";"melompat"
"帯";"obi ; tarashi ; tai";"obi; selempang kimono, pembungkus kertas untuk buku, CD, dll., pita; sabuk; strip, cingulum, program radio atau televisi yang disiarkan dalam slot waktu yang sama sepanjang atau hampir setiap hari ; pita (misalnya konduksi, valensi); sabuk (misalnya Van-Allen, asteroid, dll.)"
"臣";"omi ; shin ; yatsuko ; yatsukorama";"gaji; petugas, Omi (gelar turun temurun; asal salah satu dari dua gelar tertinggi, kemudian diturunkan ke peringkat keenam tertinggi dari delapan), I; Saya ; budak, pengikut; pelayan, tawan, pelacur, aku; Saya"
"菓";"ka";"buah, penghitung buah"
"課";"ka";"pelajaran, bagian (dalam suatu organisasi); divisi; departemen, konter untuk pelajaran dan bab (dari sebuah buku)"
"換";"ka.eru ; -ka.eru ; ka.waru ; kan";"perubahan, pertukaran; pengganti"
"替";"ka.eru ; ka.e- ; ka.waru ; tai";"mengubah, mengganti, menggantikan"
"枯";"ka.reru ; ka.rasu ; ko";"mengering, layu, membusuk"
"改";"kai";"revisi"
"貝";"kai ; bai";"kerang, kerang laut ; Babel Jepang (spesies moluska bercangkang, Babylonia japonica); Cangkang gading Jepang, bagian atas berputar (secara tradisional terbuat dari cangkang babylon Jepang)"
"快";"kai";"kesenangan; sukacita; kenikmatan"
"階";"kai ; hashi ; kizahashi ; kidahashi ; shina";"tingkat; cerita; lantai, tangga, panggung (dalam kronostratigrafi), penghitung tingkat dan lantai suatu bangunan ; tangga, tangga di depan panggung noh ; artikel; barang; benda; barang-barang; stok, kualitas, genit; sifat genit"
"効";"kai ; kou";"memengaruhi; hasil; bernilai; menggunakan; info, Kai (bekas provinsi yang terletak di Prefektur Yamanashi saat ini) ; kemanjuran; keuntungan; efisiensi; memengaruhi; hasil; kesuksesan"
"貿";"kaeru ; bou";"perdagangan, barter; Campuran; dengan gegabah"
"香";"kaori ; kyou ; kou ; kori";"aroma; parfum; bau ; tombak ; dupa ; bau (khususnya bau yang enak); parfum; aroma"
"各";"kaku ; onoono";"setiap; semua ; masing-masing, kamu (jamak)"
"角";"kaku ; kado ; tsuno ; sumi";"sudut, persegi; kubus, uskup, derajat ketiga (skala pentatonik Jepang dan Tiongkok), Rasi bintang "tanduk" Tiongkok (salah satu dari 28 rumah besar), jiao (satuan moneter Tiongkok; sepersepuluh yuan) ; sudut; tepi, (jalan) sudut; membalikkan, sisi yang kasar (karakter, kata-kata, dan lain-lain); sifat abrasif; kekerasan; ketajaman ; klakson; tanduk, antena; peraba; tentakel (misalnya siput), proyeksi seperti tanduk (misalnya puncak krim kocok) ; sudut; reses, di bawah panggung sebelah kanan (di panggung noh)"
"囲";"kako.mu ; kako.u ; kako.i";"mengelilingi, kandang; cambuk"
"械";"kase ; kai";"senjata; alat, instrumen"
"型";"kata ; gata";"model; jenis (misalnya mesin, barang, dll.), jenis; gaya; pola, cetakan (cetakan); templat; model, kata (bentuk standar gerakan, postur, dll. dalam seni bela diri, olah raga, dll.), bentuk (yaitu prosedur adat), ukuran (yaitu pakaian, sepatu), inci (dalam ukuran tampilan diagonal), (taksonomi) membentuk"
"肩";"kata";"bahu"
"固";"kata.meru ; kata.maru ; kata.mari ; kata.i ; ko";"menjadi kokoh, kokoh; kekuatan"
"担";"katsu.gu ; nina.u ; tan";"membawa, menanggung, melakukan"
"協";"kanau ; kyou";"bersatu; bekerja sama"
"辛";"kanoto ; shin";"peringkat 8; tanda kedelapan dari kalender Cina"
"絡";"kara.mu ; kara.maru ; raku";"menjerat, membungkus; jaring"
"革";"kawa ; tsukurikawa ; tsukurigawa";"kulit ; kulit; kulit binatang kecokelatan, kanji "kulit" radikal (radikal 177)"
"河";"kawa ; gawa ; hoo";"sungai; aliran, Sungai ; ubin yang dibuang; membuang"
"皮";"kawa";"kulit; bersembunyi; melempari; bulu, kulit; mengupas; sekam; kulit kayu, cangkang; sarung; balutan, topeng (menyembunyikan sifat asli seseorang); tampak"
"缶";"kan ; kama ; hotogi";"Bisa; kaleng, makanan kaleng ; ketel ; toples gerabah berbadan gemuk dan bermulut kecil untuk menampung air, wadah air yang digunakan untuk memandikan bayi pertama kali"
"刊";"kan";"publikasi; edisi (misalnya pagi, sore, khusus); diterbitkan pada (tahun); frekuensi publikasi (misalnya harian, bulanan)"
"管";"kan ; kuda";"pipa; tabung"
"肯";"gaenji.ru ; kou";"bersedia; menyetujui, mengizinkan"
"額";"gaku ; hitai";"(bingkai gambar; gambar berbingkai, jumlah (khususnya uang); jumlah ; dahi; alis"
"季";"ki";"musim (di alam, olahraga, dll.), kata atau frasa musiman (dalam haiku), tahun"
"黄";"ki";"kuning"
"岸";"kishi";"bank; pesisir; pantai"
"旧";"kyuu ; moto ; furu";"tua; mantan; mantan-, yang lama; benda tua; kebiasaan lama, masa lalu; hari-hari lampau, Kalender lama Jepang (lunisolar). ; mantan; mantan-; masa lalu; satu kali, waktu sebelumnya; masa lalu; keadaan sebelumnya, sebelumnya; semula; sebelum ; barang bekas, lama; digunakan; sebelumnya"
"境";"kyou ; sakai";"berbatasan; batas, titik balik; daerah aliran sungai, ; wilayah; titik; ruang angkasa; lingkungan, keadaan psikologis; keadaan mental, objek kognitif; sesuatu yang dapat dilihat oleh alat indera atau pikiran"
"禁";"kin";"larangan (misalnya merokok); larangan"
"逆";"gyaku ; saka";"balik; kebalikan, kebalikan (dari hipotesis, dsb.), kebalikan (fungsi) ; terbalik; balik"
"区";"ku";"bangsal; wilayah; kota (di Tokyo), distrik (misalnya pemilu); bagian; zona (misalnya pos)"
"雲";"kumo";"awan"
"曇";"kumori";"keadaan mendung; cuaca mendung, kabut (di cermin, kacamata, dll); awan (misalnya pada marmer); mengaburkan; kabut; bayangan; keremangan, kesuraman; kekesalan"
"蔵";"kura ; zou";"gudang; gudang di bawah tanah; majalah; lumbung padi; turun; tempat penyimpanan; Perbendaharaan; tangga berjalan ; milik; kepemilikan, Tibet; orang Tibet"
"競";"kura ; seri";"kontes; cocok ; bersaing; kompetisi, lelang"
"庫";"kura";"gudang; gudang di bawah tanah; majalah; lumbung padi; turun; tempat penyimpanan; Perbendaharaan; tangga berjalan"
"紅";"kurenai ; beni ; kou ; aka ; momi";"merah tua, pemerah pipi; lipstik ; merah; merah tua, warna yang mengandung merah (misalnya coklat, merah muda, oranye), Merah (yaitu komunis), lampu merah (lalu lintas), tinta merah (misalnya di bidang keuangan atau pembacaan bukti); (dalam) warna merah, selesai; total; sempurna; jelas, tembaga, kartu 5 poin merah ; lapisan sutra merah"
"訓";"kun ; kuni ; oshie";"bacaan asli bahasa Jepang tentang karakter, ajaran Cina; pelajaran; ajaran seseorang ; pengajaran; petunjuk; ajaran; aturan; pelajaran; doktrin"
"群";"gun ; mura";"kelompok; kerumunan; kawanan; band, grup ; mengumpulkan"
"軍";"gun ; ikusa";"tentara; pasukan bersenjata; pasukan, otoritas militer, tim; kelompok; rombongan ; perang; pertarungan; kampanye; melawan, pasukan; kekuatan"
"毛";"ke ; mou";"rambut, bulu; wol, turun; bulu burung; bulu ; seperseribu; 0,03 mm (seperseribu matahari); 0,01 persen (seperseribu wari); 3,75 miligram (seperseribu monme), satuan moneter lama (0,0001 yen)"
"軽";"kei";"ringan (misalnya pesawat terbang, truk), kendaraan bermotor ringan (hingga 660cc dan 64bhp); mobil kei"
"敬";"kei";"menghormati"
"県";"ken ; agata";"prefektur (Jepang); county (Cina, Taiwan, Norwegia, dll.); departemen (Prancis); provinsi (Italia, Spanyol, dll.) ; wilayah (pra-Taika: di bawah istana Yamato; Heian: di bawah gubernur provinsi, dll.), pedesaan"
"賢";"ken ; kashiko";"intelijen; jenius; beasiswa; kebajikan ; dengan hormat; dengan hormat milikmu"
"券";"ken";"tiket; kupon; menjalin kedekatan; sertifikat"
"芸";"gei";"seni; keahlian; prestasi; keterampilan artistik; teknik; pertunjukan"
"劇";"geki";"drama; bermain, obat ampuh"
"減";"gen";"pengurangan, pengurangan, pengurangan penalti (di bawah kode ritsuryo)"
"個";"ko ; ka ; tsu ; chi ; di";"counter untuk artikel, counter untuk unit militer, individu ; penghitung untuk sistem penghitungan ichi-ni-san (biasanya tepat sebelum benda yang dihitung); kata benda yang dibaca menggunakan on-yomi-nya ; counter untuk sistem penghitungan hito-futa-mi (membentuk hitotsu, futatsu, mitsu, dan misoji, yasoji, dll.)"
"児";"ko ; yaya ; ji";"anak; remaja; pemuda; orang muda (belum dewasa), (seseorang) anak; keturunan, muda (hewan), wanita muda, cabang, minat, bagian baru, pemain yang bukan dealer (dalam kartu, mahjong, dll.), telur burung, -er (seringkali wanita muda), geisha muda ; Sayang; anak ; anak; anak laki-laki, saya"
"恋";"koi";"Cinta romantis"
"硬";"kou";"kekerasan"
"講";"kou";"Pertemuan ceramah (Buddha), asosiasi keagamaan, asosiasi gotong royong (yaitu untuk bantuan keuangan)"
"凍";"koo.ru ; kogo.eru ; kogo.ru ; i.teru ; shi.miru ; tou";"membekukan; dingin, membeku; jeli"
"氷";"koori ; hi ; tsurara";"es, es serut (biasanya disajikan dengan sirup sederhana rasa) ; es, hujan es ; es, pilar es (untuk mendinginkan ruangan), es"
"腰";"koshi ; goshi ; you";"punggung bawah; pinggang; panggul; daerah pinggang, tubuh (rambut, mie, kertas, dll.); ketangguhan; musim semi ; sikap; posisi; pose ; counter untuk pedang, hakama, obi, dll. dikenakan di pinggang, counter untuk tempat anak panah"
"詞";"kotoba ; shi";"bahasa; dialek, kata; frasa; ekspresi; istilah, ucapan; (cara) berbicara; (penggunaan) bahasa, kata-kata; komentar; penyataan, belajar berbicara; penguasaan bahasa ; kata-kata; menulis; lirik, ci (bentuk puisi Tiongkok), kata mandiri"
"粉";"kona";"tepung; makanan; bubuk; debu"
"衣";"koromo ; kinu";"pakaian, gaun; jubah, pelapis (misalnya glasir, adonan, lapisan gula) ; pakaian; garmen; gaun"
"混";"kon";"kemacetan lalu lintas"
"極";"goku ; kyoku ; hatate";"lumayan; sangat, 10^48; quindecillion ; tiang, klimaks; ekstrim; ekstremitas; puncak; tinggi; nadir ; akhir; membatasi; ekstremitas"
"咲";"sa.ku ; -zaki ; shou";"tersenyum, tertawa, cekikikan; kekek"
"菜";"sai ; na";"makanan pendamping ; sayuran hijau; sayuran, pemerkosaan (Brassica napus); lobak"
"細";"sai ; isara ; isasa ; saza ; sasara ; sazara ; sazare ; hoso";"rincian; detail ; kecil ; kecil; halus, pola halus, kerikil ; benang halus; tali rami, ramping; sempit; lemah, sempit"
"再";"sai";"ulang-; lagi; ulang; deutero-; otomatis-; deuter-"
"坂";"saka";"lereng; bukit, tonggak sejarah; tanda (usia)."
"捜";"saga.su ; sou ; shu ; shuu";"cari; menyelidiki"
"叫";"sake.bu ; kyou";"menangis, berteriak; salam, telepon"
"刷";"satsu ; suri";"pencetakan; kesan; masalah"
"冊";"satsu ; saku";"counter untuk buku, volume ; dekrit kekaisaran untuk menganugerahkan gelar bangsawan (di Tiongkok kuno)"
"札";"satsu ; fuda ; fumita ; funda ; sane";"uang kertas; tagihan ; tiket; token; memeriksa; tanda terima, label; tanda, tanda; kartu; piring, bermain kartu, pesona; jimat, slip kertas yang ditempelkan pada pilar kuil oleh peziarah ; trombosit pelindung"
"皿";"sara";"piring; disk, penyajian; membantu; kursus, kanji radikal 108 (di bawah)"
"算";"san";"tongkat ramalan, menghitung; perhitungan"
"材";"zai";"kayu; bahan kayu, (mentah); hal, bakat; kemampuan; orang yang mampu"
"史";"shi ; fuhito ; fubito ; fumihito";"sejarah ; sejarawan istana"
"誌";"shi";"majalah"
"塩";"shio ; en";"garam; garam biasa; garam dapur; natrium klorida, kesulitan; bekerja keras; masalah, rasa asin, dingin; tidak ramah; cuek ; garam (misalnya natrium klorida, kalsium sulfat, dll.), klorida"
"沈";"shizu.mu ; shizu.meru ; chin ; jin";"tenggelam; kecanduan; nama belakang"
"滴";"shizuku ; tarashi ; teki";"jatuhkan (misalnya air); menetes ; menetes; menjatuhkan ; counter untuk tetesan cairan"
"湿";"shitsu";"kelembaban, kudis; kudis sarcoptik; rasa gatal"
"島";"shima ; tou";"pulau, wilayah seseorang (misalnya tempat pekerja seks, geng kejahatan terorganisir); wilayah seseorang ; Pulau, insula; pulau; pulau kecil"
"捨";"sha";"ketenangan; upeksa; upekkha"
"周";"shuu";"penghitung putaran atau sirkuit, perimeter, Dinasti Zhou (dari Tiongkok; sekitar 1046-256 SM); Dinasti Chou"
"州";"shuu ; su";"negara bagian (AS, Australia, India, Jerman, dll.); provinsi (misalnya Kanada); wilayah (misalnya Swiss); oblast (misalnya Rusia); departemen (misalnya Tiongkok kuno), benua, sayang ; beting; gosong"
"郵";"shukuba ; yuu";"pos, surat; kantor Pos"
"署";"sho";"stasiun (khususnya kantor polisi); kantor (misalnya kantor pajak)"
"諸";"sho ; moro ; moromoro";"bermacam-macam; banyak; beberapa ; keduanya, banyak; bermacam-macam; semua, bersama ; segala macam hal; berbagai macam; sejumlah besar orang"
"将";"shou ; hata";"komandan; umum; pemimpin ; atau; jika tidak, selanjutnya; juga, mungkin; secara kebetulan, itulah yang dikatakan; bagaimanapun juga, ; tapi, belum lagi; tak perlu dikatakan, seperti yang diharapkan; tentu saja, sungguh; sama sekali"
"省";"shou";"kementerian; departemen, provinsi (Cina), tabungan; melestarikan"
"承";"shou";"baris kedua dari puisi Tiongkok empat baris"
"章";"shou";"bab; bagian, medali; lencana"
"象";"shou ; zou";"membentuk; angka; penampilan; fenomena ; gajah (Elephantidae spp.)"
"賞";"shou";"hadiah; menghadiahkan"
"査";"shiraberu ; sa";"selidiki"
"印";"shirushi ; in";"tanda, simbol; lambang, lencana; puncak; bendera, bukti, tanda (ucapan terima kasih, kasih sayang, dll) ; stempel; segel; kesan potong, segel; penyegelan; stempel; tanda; cetak, mudra (gerakan tangan simbolis), tanda tangan ninja, India"
"導";"shirube";"panduan; memandu"
"城";"shiro ; jou ; ki";"Kastil ; kastil (dalam nama tempat), benteng ; benteng (dikelilingi oleh tembok, parit, dll.)"
"清";"shin ; saya";"Dinasti Qing (Tiongkok; 1644-1912); Dinasti Qing; Dinasti Manchu ; jelas; terang, bersih; murni"
"震";"shin";"zhen (salah satu trigram I Ching: guntur, timur)"
"弱";"jaku";"sedikit kurang dari; sedikit lebih sedikit dari; tepat di bawah, kelemahan; yang lemah, lebih rendah (intensitas seismik)"
"拾";"juu";"sepuluh; 10, usia sepuluh tahun, buku berisi kumpulan puisi"
"述";"jutsu";"dikte; pernyataan lisan"
"準";"jun";"semi-; sok-; rekan"
"順";"jun ; zun";"memesan; berbelok; menyortir, taat; jinak; penurut; lembut"
"純";"jun";"tidak bersalah; suci; naif, murni; tidak tercampur; asli"
"畳";"jou ; tatami ; tatou";"tikar tatami (khususnya sebagai ukuran ruangan, baik 1,82 meter persegi atau 1,54 meter persegi) ; tikar tatami; Penutup lantai jerami Jepang ; kotak kertas lipat; kertas pembungkus kimono"
"濯";"susu.gu ; yusu.gu ; taku";"cuci, bilas; membersihkan"
"砂";"suna ; isago";"pasir; menggertakkan"
"隅";"suma ; sumi";"sudut; reses, di bawah panggung sebelah kanan (di panggung noh)"
"炭";"sumi";"arang, sisa hangus"
"姓";"sei ; shou ; sou ; kabane";"nama belakang; nama keluarga, gelar turun-temurun (digunakan di Jepang kuno untuk menunjukkan pangkat dan kedudukan politik) ; gelar turun-temurun (digunakan di Jepang kuno untuk menunjukkan pangkat dan kedudukan politik), klan"
"籍";"seki";"daftar keluarga seseorang; domisili, kebangsaan, keanggotaan (klub, partai, dll.)"
"隻";"seki";"counter untuk kapal (perahu besar), counter untuk setengah pasang (misalnya setengah layar lipat), counter untuk ikan, burung, panah, dll."
"専";"sen";"memiliki jimat untuk...; mengkhususkan diri dalam...; mengambil jurusan..., pertama; terutama; prioritas nomor satu, melakukan sesuka hati; bertindak egois, menembakkan batu bata"
"線";"sen";"garis; stria, line (misalnya saluran telepon); kawat, ray (misalnya sinar-X); balok, garis (misalnya pada rel kereta api); melacak; rute; jalur, garis besar; kontur; bentuk, tingkat, pembagian, garis (tindakan); posisi; mendekati; kebijakan; prinsip, kesan yang ditinggalkan seseorang; udara yang dikeluarkan seseorang"
"税";"zei";"pajak"
"装";"sou";"pakaian; balutan, penjilidan (dari sebuah buku)"
"双";"sou ; moro";"pasangan ; keduanya, banyak; bermacam-macam; semua, bersama"
"層";"sou";"lapisan; kelas tempat tidur, ; lapisan; mengurung; grup, berkas, penghitung untuk cerita (sebuah bangunan)"
"総";"sou ; fusa";"utuh; semua; umum; bruto; seluruh; keseluruhan ; jumbai (dari rambut, benang, dll.); pinggir; rumbai, ikat (dari anggur, pisang, dll.); gugusan (bunga), ruas (dari jeruk keprok, dll.); bagian"
"則";"soku ; nori";"counter untuk aturan, aturan; peraturan ; aturan; hukum; peraturan, model; pola, ajaran Buddha; Doktrin Buddha, pengukuran melintang, kemiringan samping"
"触";"soku ; fure";"kontak; sentuhan, benda taktil, kenajisan ; proklamasi; pemberitahuan resmi, sentuhan; kontak"
"底";"soko ; tei";"dasar; tunggal ; basis (logaritma, eksponensial, sistem bilangan); radix, alas (segitiga, kerucut, silinder, dll.), tipe; baik; cakupan; derajat"
"卒";"sotsu";"prajurit berpangkat rendah, kelulusan, pindah (dari); tumbuh lebih besar (sesuatu), samurai berpangkat rendah (1870-1872), kematian (seorang bangsawan, dll.)"
"損";"son";"kehilangan; kerusakan; menyakiti; tidak menguntungkan, kerugian; rintangan; kekurangan; tidak menguntungkan"
"像";"zou";"gambar; angka; patung; potret, gambar; membentuk; penampilan, gambar"
"臓";"zou";"jeroan; usus"
"貯";"ta.meru ; takuwa.eru ; cho";"menyimpan, menimbun"
"宝";"takara";"harta karun"
"貨";"takara";"harta karun"
"耕";"tagaya.su ; kou";"membajak, mengolah"
"畜";"takuwaeru ; chiku";"ternak, hewan peliharaan"
"竹";"take";"bambu (rumput apa pun dari subfamili Bambusoideae), tengah (dari sistem peringkat tiga tingkat)"
"介";"tasukeru ; kai";"pendahulu, pemberita, pertanda; untuk berbaring di antara; kerang laut; untuk memakai baju besi"
"谷";"tani";"lembah"
"玉";"tama ; gyoku";"bola; bola dunia, manik (dari keringat, embun, dll.); menjatuhkan; tetesan, bola (dalam olahraga), tumpukan (mie, dll.), peluru, bohlam (yaitu bola lampu), lensa (kacamata, dll.), manik-manik (sempoa), bola (yaitu testis), permata; permata (khususnya berbentuk bola; terkadang digunakan secara kiasan); mutiara, penghibur wanita (misalnya geisha), orang (saat mengomentari sifatnya); karakter, barang, dana atau orang yang digunakan sebagai bagian dari plot, telur, koin, berharga; cantik; bagus sekali ; batu mulia (khususnya giok), telur (terkadang terutama sebagai topping sushi), stok atau sekuritas yang diperdagangkan; produk yang dibeli atau dijual, posisi (di bidang keuangan, jumlah sekuritas yang dimiliki atau terhutang oleh investor atau dealer), geisha, biaya waktu untuk geisha, raja (dari pemain junior)"
"卵";"tamago ; kaigo ; ran";"telur; muncul, (ayam) telur, (ahli) dalam pembuatan, permulaan; asal; masa bayi ; telur; kulit telur ; telur; bakal biji; sel telur"
"短";"tan ; mijika";"kesalahan; cacat; titik lemah, kecil, kartu 5 poin ; pendek; singkat"
"団";"dan";"tubuh; kelompok; berpesta; perusahaan; rombongan"
"血";"chi";"darah, darah; keturunan; garis keturunan; stok, (the) darah; perasaan; nafsu"
"築";"chiku";"... tahun sejak konstruksi;... tahun (sebuah bangunan), dibangun di..."
"乳";"chichi";"susu, payudara, lingkaran, benjolan dekoratif (pada bel gantung)"
"著";"cho";"bekerja; buku, (sebuah buku) oleh, jelas; menyolok"
"兆";"chou";"10^12; 1.000.000.000.000; triliun, tanda; pertanda; indikasi"
"庁";"chou";"kantor pemerintahan; agen; papan"
"超";"chou ; choo";"super-; sangat-; hiper-; ekstrim, sangat; Sungguh; sama sekali; benar-benar, berakhir; lebih dari"
"珍";"chin";"jarang, aneh; penasaran"
"接";"tsu.gu ; setsu ; shou";"menerima; melanjutkan; menangkap; Menghubung"
"机";"tsuki ; tsukue";"meja"
"造";"tsuku.ru ; tsuku.ri ; -duku.ri ; zou";"membangun, membuat, memulai; mempersiapkan"
"紹";"tsugu ; shou";"lanjutkan; tangan ke bawah; bergabung"
"筒";"tsutsu ; pin";"pipa; tabung; silinder, laras senapan, senapan; meriam, lapisan sumur; baik mengekang ; penghitung untuk ubin titik"
"募";"tsuno.ru ; bo";"retribusi, kenaikan; memanggil; rekrut"
"粒";"tsubu ; ryuu ; tsubi ; tsubo";"bulir; titisan; drop, counter untuk benda bulat kecil termasuk biji-bijian, biji-bijian, pil, tetes"
"績";"tsumugu ; seki";"putaran; prestasi"
"詰";"tsume ; dume";"isian; pengepakan, akhir (khususnya kaki jembatan), tamu dengan peringkat terendah pada upacara minum teh, ahli teh, permainan akhir (khususnya dalam shogi atau digunakan secara kiasan), saus belut manis, wanita paruh baya, penunjukan ke tempat kerja tertentu, menggunakan sebagai satu-satunya dasar penilaian (judgment), berlanjut; terus lakukan untuk jangka waktu tertentu"
"照";"te.ru ; te.rasu ; te.reru ; shou";"bersinar, menerangi, memantulkan"
"低";"tei";"rendah (tingkat, nilai, harga, dll.)"
"鉄";"tetsu ; kane ; kurogane";"besi (Fe), kuat dan keras (seperti besi), kereta api, penggemar kereta api ; uang, logam"
"寺";"tera ; ji";"kuil (Buddha) ; konter untuk kuil"
"戸";"to ; ko";"pintu (khususnya gaya Jepang), rana; penutup jendela, pintu masuk (ke rumah), menyempit ; counter untuk rumah, rumah tangga, apartemen, dll."
"溶";"to.keru ; to.kasu ; to.ku ; you";"meleleh, larut; dipenuhi dengan"
"停";"to.meru ; to.maru ; tei";"berhenti, tunda; sesuai"
"採";"to.ru ; sai";"kumpulkan; pilih"
"党";"tou ; tamura";"partai (politik), orang yang digemari; penggemar ; mengumpulkan; tempat berkumpulnya orang, kantor polisi; kamp; barak"
"塔";"tou";"menara; menara gereja; puncak menara, stupa; klenteng; dagoba"
"尊";"touto ; tatto ; son ; mikoto";"nilai; berharganya; kaum bangsawan ; zun (wadah anggur Tiongkok kuno, biasanya terbuat dari perunggu), awalan kehormatan mengacu pada pendengar, penghitung untuk para Buddha ; Yang mulia, Anda"
"刺";"toge ; shi";"duri; tulang belakang; tusukan, serpihan (khususnya tersangkut di daging seseorang); benda tajam yang keras (khususnya tersangkut di tenggorokan, misalnya tulang ikan), kata-kata yang menggigit ; kartu telepon"
"床";"toko ; yuka ; shou";"tempat tidur; alas tidur, tempat tidur sakit, ceruk, dasar sungai, tempat persemaian, jerami "inti" dari tikar tatami, lantai ; lantai, panggung (untuk narator dan pemain shamisen), platform makan yang dibangun di seberang sungai ; meja untuk tempat tidur"
"届";"todoke";"laporan; pemberitahuan; Registrasi"
"駐";"todomaru ; chuu";"untuk ditempatkan di, bertempat tinggal di; untuk berhenti"
"銅";"dou ; aka ; akagane ; kane";"tembaga (Cu), perunggu (medali) ; uang, logam"
"毒";"doku";"racun, bahaya; pengaruh jahat, niat buruk; meskipun; kebencian, bahasa kasar"
"殿";"dono ; shingari ; tono";"Tn.; Nyonya.; Merindukan; MS. ; belakang; pelindung unit belakang, jangkar (pria) ; tuan feodal, rumah besar; istana"
"泥";"doro";"lumpur; lumpur salju; (basah) kotoran, pencuri"
"仲";"naka ; suai";"hubungan ; makelar; perantara; biaya perantara"
"永";"naga ; tokoshie";"panjang ; keabadian, era Eikyu (1113.7.13-1118.4.3)"
"涙";"nada ; nanda ; namida";"merobek; air mata; sekresi air mata, simpati"
"傾";"naname ; nanome";"miring; diagonal, terdistorsi (perasaan); miring (misalnya pandangan dunia); suasana hati buruk); Meleset; serba salah"
"鈍";"namakura ; don ; noro";"tumpul (misalnya pedang); membosankan, malas; pengecut; tidak ada gunanya ; membosankan; lambat; bodoh; berotak tumpul"
"波";"nami ; po ; ha";"gelombang, naik dan turun ; Polandia ; counter untuk gelombang (kejadian berulang)"
"並";"nami";"rata-rata; sedang; umum; biasa, kelas menengah (item); kelas reguler, tingkat yang sama dengan; sama dengan; setara dengan, setiap (misalnya bulan); setiap, deretan (gigi, rumah, dll); garis"
"悩";"naya.mu ; naya.masu ; naya.mashii ; nayami ; nou";"marah, dipenuhi kebencian"
"均";"nara.su ; kin";"setara, rata, adil; semuanya juga"
"軟";"nan";"lembut"
"荷";"ni ; ka";"memuat; bagasi; muatan; kargo; barang, beban; tanggung jawab ; counter untuk beban (yang dapat dipikul di bahu)"
"憎";"niku.mu ; niku.i ; niku.rashii ; niku.shimi ; zou";"benci; kebencian"
"温";"nuku";"bodoh; contoh; orang yang lambat"
"布";"nuno ; fu ; nino ; ninu";"kain, bujian (koin perunggu berbentuk sekop dari Tiongkok kuno) ; satuan ukuran lebar kain (30-38 cm)"
"塗";"nuri ; midoro";"pelapisan (khususnya pernis) ; ditutupi dengan; bernoda; diolesi"
"根";"ne ; kon";"akar (tanaman), akar (gigi, rambut, dll.); pusat (dari jerawat, dll.), akar (dari segala kejahatan, dll.); sumber; asal; menyebabkan; dasar, sifat asli seseorang, (memancing) karang ; sikap berpegang teguh pada kegigihan; kegigihan; ketekunan, radikal (khususnya yang cenderung mudah terionisasi), akar, indriya (kemampuan tubuh yang mempunyai fungsi tertentu, misalnya alat indera)"
"練";"ne.ru ; ne.ri ; ren";"latihan"
"延";"no.biru ; no.beru ; no.basu ; en";"tunda"
"伸";"no.biru ; no.basu ; no.beru ; no.su ; shin";"memanjangkan, merentangkan, membuka; memercayai"
"喫";"no.mu ; kitsu";"makan; minum; menderita, bertahan, menanggung"
"濃";"nou ; ko";"gelap (warna), pekat; tebal"
"脳";"nou ; nazuki";"otak, otak; pikiran ; otak; tengkorak; kepala"
"農";"nou";"pertanian"
"軒";"noki ; ken";"atap, lorong sempit yang mengelilingi inti bangunan candi ; counter untuk gedung (khususnya rumah), akhiran untuk nama pena, nama panggung, dll."
"宇";"noki ; u";"atap, lorong sempit yang mengelilingi inti bangunan candi ; counter untuk bangunan, atap, tenda, dll."
"昇";"nobo.ru ; shou";"bangkit, naik; tenang; perdamaian"
"羽";"ha ; hane ; wa ; ba ; pa ; u";"bulu; bulu-bulu; bawah, sayap, bilah (kipas, baling-baling, dll.), shuttlecock (dalam bulu tangkis), shuttlecock (dalam hanetsuki), bulu panah ; counter untuk burung, kelinci, dll. ; derajat kelima (skala pentatonik Jepang dan Cina)"
"掃";"ha.ku ; sou ; shu";"menyapu, membersihkan; memusnahkan"
"灰";"hai";"abu"
"拝";"hai";"menundukkan kepala (dalam penghormatan atau ibadah), dengan hormat"
"測";"haka.ru ; soku";"mengukur, memperkirakan, menduga"
"泊";"haku";"konter untuk malam menginap, menginap; penginapan"
"挟";"hasa.mu ; hasa.maru ; wakibasa.mu ; sashihasa.mu ; kyou ; shou";"gesper di bawah lengan; pegang di dada"
"橋";"hashi ; kyou";"menjembatani ; pons (pontes); pons Varolii; pontin; bagian batang otak (menghubungkan medula oblongata dan otak kecil dengan otak tengah)"
"燥";"hasha.gu ; sou";"kering, gersang; cepat marah"
"柱";"hashira ; chuu ; ji ; juu";"pilar; pos, dukungan; menopang; andalan, counter bagi para buddha, dewa, bangsawan, dll. ; jembatan (dari koto, dll.), silinder; prisma ; resah (dari biwa)"
"肌";"hada ; hadae";"kulit, tubuh (dalam konteks kontak tubuh yang intim), permukaan; biji-bijian (misalnya dari kayu); tekstur, disposisi; perangai; karakter; jenis"
"膚";"hada ; hadae";"kulit, tubuh (dalam konteks kontak tubuh yang intim), permukaan; biji-bijian (misalnya dari kayu); tekstur, disposisi; perangai; karakter; jenis"
"鼻";"hana";"hidung"
"幅";"haba ; no ; fuku";"lebar; keluasan, kebebasan (misalnya berpikir); garis lintang, celah; perbedaan (misalnya harga); jangkauan (misalnya suara) ; satuan ukuran lebar kain (30-38 cm) ; gulir, penghitung untuk gulungan"
"林";"hayashi";"kayu; hutan; belukar; semak belukar, sekelompok (sesuatu); gugus; garis; koleksi"
"針";"hari";"jarum; peniti, kail, penyengat; duri, tangan (misalnya jam, dll.); penunjuk, staple (untuk stapler), menjahit, kebencian, penghitung jahitan"
"版";"han ; ban";"edisi; Versi: kapan; pencetakan; kesan; implementasi (misalnya perangkat lunak), pelat; memblokir; pemeran, edisi suatu terbitan"
"倍";"bai";"dobel; dua kali (lebih banyak), kali (lebih banyak); -lipat, 1-n; 1 sampai n; 1 di n"
"爆";"baku";"bahak; deru tawa"
"被";"hi";"menunjukkan sasaran suatu kegiatan; -ee (misalnya karyawan, peserta ujian, wali)"
"比";"hi ; korooi ; goro ; tagui";"perbandingan; proporsi, cocok; sama, perbandingan eksplisit (gaya Shi Jing), Filipina, dibandingkan dengan... ; waktu; periode; hari ; (perkiraan) waktu; sekitar; tentang; menuju, waktu (atau kondisi), waktu yang sesuai dalam setahun; musim ; baik; menyortir; ketik, sama; cocok; rekan"
"灯";"hi ; akashi ; tou ; tomoshi ; toboshi ; tomoshibi ; akari";"lampu ; cahaya (khususnya sebagai persembahan keagamaan); lampu ; lampu; lamp, counter untuk lampu listrik ; lampu, mengumpan rusa dengan obor yang menyala ; lampu; obor ; lampu; penerangan; binar; kilau, lampu"
"匹";"hiki";"konter untuk hewan kecil, konter untuk gulungan kain (ukuran dua han), konter untuk kuda, konter gulungan kain"
"久";"hisa.shii ; kyuu ; ku";"sudah lama (lalu); perjalanan waktu, menjadi terlambat"
"秒";"byou";"detik (satuan waktu), detik busur"
"瓶";"bin ; hei ; kame";"botol; stoples; guci anggur; botol kecil ; toples atau vas dengan leher panjang dan sempit ; pot tembikar"
"府";"fu";"prefektur (metropolitan) (Osaka dan Kyoto), pusat atau kedudukan (dari) (pusat), kantor (pemerintah), fu; unit administrasi bersejarah di Cina, Korea dan Vietnam"
"符";"fu";"pesona; jimat, penghitungan, tanda; catatan, fu; unit yang digunakan dalam perhitungan skor tangan"
"封";"fuu";"segel"
"複";"fuku";"menggabungkan; gabungan; banyak; ulang-; bi-, ganda (tenis, bulu tangkis, dll.), taruhan tempat (dalam pacuan kuda, dll.); tampilkan taruhan; taruhan yang memprediksi finis 2 teratas atau 3 teratas (tergantung pada jumlah kuda, dll. dalam perlombaan)"
"副";"fuku";"asisten; rekan; keburukan-; sub-; wakil; pengganti; bantu; tambahan; jaminan, rangkap; salin, kata keterangan"
"含";"fuku.mu ; fuku.meru ; gan";"tahan di mulut; menghargai; berisi"
"袋";"fukuro ; tai";"tas; memecat; kantong, kulit jeruk (dan buah-buahan lain yang sejenis), jalan buntu, sebidang tanah yang dikelilingi air ; counter untuk barang-barang di dalam tas"
"防";"fuse.gu ; bou";"membela; mencegah; tanggul"
"簡";"fuda ; kan ; fumita ; funda";"tiket; token; memeriksa; tanda terima, label; tanda, tanda; kartu; piring, bermain kartu, pesona; jimat, slip kertas yang ditempelkan pada pilar kuil oleh peziarah ; kesederhanaan; singkatnya, surat; catatan; korespondensi, strip tulisan bambu (di Tiongkok kuno), karakter Cina yang disederhanakan"
"筆";"fude ; hitsu";"kuas tulis; kuas; pena, menulis dengan kuas; menggambar dengan kuas; keahlian menulis indah; sesuatu yang digambar dengan kuas, tulisan (menyusun teks); kata-kata tertulis, (tanah) lot; merencanakan"
"舟";"fune";"mengirimkan; kapal; perahu; pesawat amfibi, tangki; bak mandi; tong; palung, penghitung untuk wadah berbentuk perahu (misalnya sashimi)"
"武";"bu";"seni perang; seni bela diri; seni militer, kekuatan militer; pedang, keberanian, perwira militer; orang militer"
"兵";"hei ; tsuwamono ; hyou ; ikusa";"prajurit (umum); pangkat dan arsip, tentara; pasukan, perang; strategi ; pejuang; prajurit, orang pemberani; orang yang kuat ; bidak ; perang; pertarungan; kampanye; melawan, pasukan; kekuatan"
"辺";"hen ; be ; hotori ; watari";"daerah; sekitarnya; wilayah, sisi; keadaan tepi ; daerah sekitar, pantai (laut), akhiran digunakan sebagai indikator kasar lokasi, arah, waktu, dll. ; sisi (khususnya badan air); tepian; bank; pantai ; lingkungan; sekitarnya; di dekat sini"
"編";"hen";"kompilasi (dari sebuah teks); penyuntingan, volume (sebuah teks), karya sastra yang telah selesai"
"補";"ho";"asisten...; masa percobaan..."
"掘";"ho.ru ; kutsu";"menggali; menggali gua"
"星";"hoshi ; sei";"bintang (biasanya tidak termasuk Matahari); planet (biasanya tidak termasuk Bumi); benda langit, bintang (mesin terbang, simbol, bentuk), bintang (aktor, pemain, dll.), titik kecil; titik; flek, titik bintang (dalam perjalanan); hoshi; persimpangan yang ditandai dengan titik, pelaku; tanda; pelanggar; curiga, tepat, bintang seseorang (yang menentukan nasib seseorang); poin keberuntungan seseorang; skor ; Konstelasi "bintang" Cina (salah satu dari 28 rumah besar), Singapura"
"干";"hoshi";"pengeringan; kering"
"仏";"hotoke ; futsu ; butsu";"Budha; Shakyamuni, gambar Buddha; sosok Buddha, orang mati; jiwa yang telah meninggal, orang yang penyayang ; Prancis, Prancis (bahasa) ; Buddha, Agama Buddha"
"骨";"hone ; kotsu";"tulang, bingkai, garis besar; inti, tulang punggung; roh; ketabahan, susah payah; sulit ; ketangkasan; keahlian; menipu; rahasia; pengetahuan; tali; gantung, tulang; kerangka, sisa kremasi (khususnya tulang); abu"
"略";"hobo ; ryaku";"hampir; dengan kasar; sekitar ; singkatan; kelalaian, garis besar; inti, rencana; strategi; skema"
"帽";"bou";"topi"
"暴";"bou";"kekerasan; memaksa"
"棒";"bou";"tiang; tongkat, garis; tanda hubung, diucapkan secara monoton"
"枚";"mai ; hira ; bira";"penghitung untuk benda datar (misalnya lembaran kertas), penghitung untuk posisi atau peran, penghitung untuk porsi makanan (sekarang hanya gyōza dan soba), penghitung untuk tingkat peringkat ; counter untuk benda tipis dan rata (kelopak, daun, dll.) ; tagihan; surat edaran; pilot; pamflet; selebaran; poster; plakat"
"巻";"maki ; kan";"gulungan (misalnya kain), berliku (misalnya jam tangan), volume (buku), mempercepat, tumit (pada sandal Jepang) ; volume (buku); gulungan (film), gulungan (buku atau lukisan); gulungan (kertas, dll.)"
"孫";"mago ; son";"cucu ; keturunan (biasanya dari generasi tertentu), garis keturunan; silsilah, cucu"
"況";"mashi.te ; iwa.n'ya ; omomuki ; kyou";"kondisi, situasi; lebih-lebih lagi"
"復";"mata";"lagi; sekali lagi; lain waktu, juga; demikian juga; demikian pula, di sisi lain; sementara, dan; Selain itu; di samping itu; lebih-lebih lagi; selanjutnya, atau; jika tidak, sungguh; Bagaimana; (apa, mengapa) di bumi, tidak langsung"
"祭";"matsuri";"festival; pesta, pelecehan oleh gerombolan garpu rumput di Internet; mempermalukan secara online; menyala, berlimpah (seperti dalam "berlimpah gol"); hiruk-pikuk; mania"
"郊";"matsuru ; kou";"pinggiran kota; lahan terbuang, ruang terbuka"
"丸";"maru ; gan";"lingkaran, keseluruhan; utuh; penuh; lengkap, uang; adonan; moola, kandang di dalam dinding kastil, kura-kura bercangkang lunak, akhiran untuk nama kapal; akhiran untuk nama orang (khususnya bayi); akhiran untuk nama pedang, baju besi, alat musik, dll.; akhiran untuk nama anjing, kuda, dll. ; bola ikan; bakso, pil"
"希";"mare ; gi ; ki";"langka; jarang ; Yunani; Orang yunani; Yunani- ; encer, jarang"
"磨";"miga.ku ; su.ru ; ma";"menggiling; Polandia; menggosok; habis; sebuah batu giling"
"湖";"mizuumi ; ko";"danau ; danau (dalam nama tempat)"
"緑";"midori";"hijau, tanaman hijau (khususnya tanaman hijau segar)"
"蒸";"mu.su ; mu.reru ; mu.rasu ; jou ; sei";"uap; menguap"
"麦";"mugi";"gandum; jelai; gandum (gandum)"
"虫";"mushi";"serangga; jangkrik; ngengat, cacing; cacing gelang, emosi seseorang; perasaan, gugup; kecerobohan, orang yang mengabdi pada satu hal; orang yang berpikiran tunggal, inti katup, mushi (jenis permainan yang dimainkan dengan dek yang dilucuti)"
"胸";"mune ; muna";"dada; payudara, payudara; dada, jantung, paru-paru, perut, jantung; pikiran; perasaan"
"村";"mura ; son";"desa"
"召";"me.su ; shou";"dekrit kekaisaran; memanggil"
"般";"meguru ; han";"mengurutkan, cara, jenis, kategori"
"綿";"men ; wata";"kapas ; tanaman kapas (Gossypium spp.), batting; gumpalan; lapisan"
"燃";"mo.eru ; mo.yasu ; mo.su ; nen";"membakar; menyalakan api, menyala"
"設";"mou.keru ; setsu";"membangun; mendirikan; menampilkan; partikel hipotesis, seandainya"
"森";"mori";"hutan, hutan kuil"
"門";"mon ; kado ; to";"gerbang, cabang pembelajaran berdasarkan ajaran satu master, divisi; filum, penghitung meriam ; pintu (khususnya gaya Jepang), rana; penutup jendela, pintu masuk (ke rumah), menyempit"
"焼";"yaki";"memasak, khususnya. menggoreng atau menumis; pemanasan, temperatur, -peralatan"
"雇";"yatoi";"karyawan; pekerjaan"
"柔";"yawa ; yawara ; juu";"lembut; rentan; lemah; dibangun dengan buruk; tdk kuat ; judo; jujitsu ; kelembutan; kelemah-lembutan; kelemahan"
"湯";"yu ; tan";"air panas, mandi air panas; sumber air panas, besi cair ; Sup"
"勇";"yuu";"keberanian; kepahlawanan"
"豊";"yutaka";"melimpah; banyak; kaya; cukup, kaya; makmur, terbuka (pikiran); santai; mudah, montok (misalnya payudara); penuh; cukup, (lebih) berakhir; (dengan mudah) melebihi"
"委";"yuda.neru ; i";"menunjuk, mengirim, menugaskan"
"依";"yo.ru ; i ; e";"andalkan, bersiaplah; menyetujui, menuruti keinginan"
"翌";"yoku";"pengikut; Berikutnya"
"汚";"yogore";"hiu sirip putih samudera (Carcharhinus longimanus)"
"齢";"yowai ; rei";"usia (seseorang). ; instar (tahap perkembangan artropoda), umur; bertahun-tahun"
"乱";"ran";"memberontak; pemberontakan; perang"
"陸";"riku ; oka ; roku ; mu ; muu";"tanah; pantai ; memuaskan; baik; Bagus; sesuai; layak ; enam; 6"
"律";"ritsu";"hukum (khususnya hukum pidana Asia Timur kuno); peraturan, vinaya (aturan untuk komunitas biara), Ritsu (sekolah agama Buddha), lüshi (gaya puisi Tiongkok), nada (musik), enam nada ganjil dari skala kromatik kuno, skala gagaku tujuh nada Jepang, serupa ke mode Dorian (sesuai dengan: re, mi, fa, so, la, ti, do), (dalam musik tradisional Timur) langkah (sesuai dengan seminada Barat)"
"漁";"ryou ; sunadori";"penangkapan ikan; mengumpulkan makanan laut (misalnya kerang, rumput laut), hasil tangkapan (misalnya ikan); mengangkut ; penangkapan ikan; mengumpulkan kerang, nelayan"
"了";"ryou";"menyelesaikan; penyelesaian; tamat ; fakta; kebenaran; memahami; pertimbangan"
"涼";"ryou";"angin sejuk; udara sejuk; kesejukan yang menyegarkan"
"量";"ryou ; haka";"kuantitas; jumlah; volume; kapasitas; porsi (makanan), kemurahan hati; toleransi, pramana; (dalam filsafat India) artinya seseorang memperoleh pengetahuan yang akurat dan valid ; kemajuan"
"令";"rei ; ryou";"memerintah; memesan; dikte, tahun ke-n di era Reiwa (1 Mei 2019-) ; hukum administrasi dan perdata"
"零";"rei ; zero";"nol ; nol; 0; nihil, tidak ada; nihil"
"歴";"reki ; fu";"sejarah; pengalaman dari ; melewati; berlalu; untuk lewat, melewati; untuk melalui, mengalami; untuk melewati"
"録";"roku";"catatan; salinan"
"輪";"wa ; rin";"cincin; lingkaran; loop, hoop, roda, lingkaran (misalnya teman) ; counter untuk roda dan bunga"
"沸";"wa.ku ; wa.kasu ; futsu";"mendidih, menggelembung, menyembur"
"技";"waza ; gi";"teknik; seni; keahlian; bergerak"
"患";"wazura.u ; kan";"menderita, khawatir"
"航";"wataru ; kou";"berlayar; menavigasi; kapal, perahu"
"童";"warashi ; warabe ; waranbe ; warawa ; wappa";"anak"
"湾";"wan";"teluk; masuk"
"包";"pao";"yurt"
"片";"pensu ; hen ; hira ; bira ; kata";"pence (satuan moneter) ; counter untuk sisa, pecahan, kelopak, dll. ; counter untuk benda tipis dan rata (kelopak, daun, dll.) ; tagihan; surat edaran; pilot; pamflet; selebaran; poster; plakat ; satu (dari sepasang), tidak lengkap; tidak sempurna; terpisah-pisah, sedikit, di luar pusat; sisi, jarak jauh; masalah; pertanyaan; penting"
"栄";"ron ; ei ; hayashi";"menang dengan mengambil ubin yang dibuang ; menghormati; kemuliaan, kemakmuran ; ornamen; perhiasan; dekorasi"
